,album,track,popularity
0,Please Please Me (Remastered),I Saw Her Standing There - Remastered 2009,70
1,Please Please Me (Remastered),Misery - Remastered 2009,53
2,Please Please Me (Remastered),Anna (Go To Him) - Remastered 2009,61
3,Please Please Me (Remastered),Chains - Remastered 2009,50
4,Please Please Me (Remastered),Boys - Remastered 2009,51
5,Please Please Me (Remastered),Ask Me Why - Remastered 2009,52
6,Please Please Me (Remastered),Please Please Me - Remastered 2009,63
7,Please Please Me (Remastered),Love Me Do - Remastered 2009,69
8,Please Please Me (Remastered),P.S. I Love You - Remastered 2009,52
9,Please Please Me (Remastered),Baby It's You - Remastered 2009,60
10,Please Please Me (Remastered),Do You Want To Know A Secret - Remastered 2009,63
11,Please Please Me (Remastered),A Taste Of Honey - Remastered 2009,50
12,Please Please Me (Remastered),There's A Place - Remastered 2009,50
13,Please Please Me (Remastered),Twist And Shout - Remastered 2009,75
14,With The Beatles (Remastered),It Won't Be Long - Remastered 2009,59
15,With The Beatles (Remastered),All I've Got To Do - Remastered 2009,59
16,With The Beatles (Remastered),All My Loving - Remastered 2009,69
17,With The Beatles (Remastered),Don't Bother Me - Remastered 2009,58
18,With The Beatles (Remastered),Little Child - Remastered 2009,47
19,With The Beatles (Remastered),Till There Was You - Remastered 2009,63
20,With The Beatles (Remastered),Please Mister Postman - Remastered 2009,57
21,With The Beatles (Remastered),Roll Over Beethoven - Remastered 2009,60
22,With The Beatles (Remastered),Hold Me Tight - Remastered 2009,50
23,With The Beatles (Remastered),You Really Got A Hold On Me - Remastered 2009,59
24,With The Beatles (Remastered),I Wanna Be Your Man - Remastered 2009,49
25,With The Beatles (Remastered),Devil In Her Heart - Remastered 2009,49
26,With The Beatles (Remastered),Not A Second Time - Remastered 2009,48
27,With The Beatles (Remastered),Money (That's What I Want) - Remastered 2009,50
28,A Hard Day's Night (Remastered),A Hard Day's Night - Remastered 2009,68
29,A Hard Day's Night (Remastered),I Should Have Known Better - Remastered 2009,62
30,A Hard Day's Night (Remastered),If I Fell - Remastered 2009,64
31,A Hard Day's Night (Remastered),I'm Happy Just To Dance With You - Remastered 2009,60
32,A Hard Day's Night (Remastered),And I Love Her - Remastered 2009,69
33,A Hard Day's Night (Remastered),Tell Me Why - Remastered 2009,51
34,A Hard Day's Night (Remastered),Can't Buy Me Love - Remastered 2009,66
35,A Hard Day's Night (Remastered),Any Time At All - Remastered 2009,51
36,A Hard Day's Night (Remastered),I'll Cry Instead - Remastered 2009,48
37,A Hard Day's Night (Remastered),Things We Said Today - Remastered 2009,59
38,A Hard Day's Night (Remastered),When I Get Home - Remastered 2009,47
39,A Hard Day's Night (Remastered),You Can't Do That - Remastered 2009,51
40,A Hard Day's Night (Remastered),I'll Be Back - Remastered 2009,52
41,Beatles For Sale (Remastered),No Reply - Remastered 2009,60
42,Beatles For Sale (Remastered),I'm A Loser - Remastered 2009,50
43,Beatles For Sale (Remastered),Baby's In Black - Remastered 2009,49
44,Beatles For Sale (Remastered),Rock And Roll Music - Remastered 2009,55
45,Beatles For Sale (Remastered),I'll Follow The Sun - Remastered 2009,61
46,Beatles For Sale (Remastered),Mr Moonlight - Remastered 2009,48
47,Beatles For Sale (Remastered),Kansas City / Hey-Hey-Hey-Hey - Medley / Remastered 2009,47
48,Beatles For Sale (Remastered),Eight Days A Week - Remastered 2009,66
49,Beatles For Sale (Remastered),Words Of Love - Remastered 2009,50
50,Beatles For Sale (Remastered),Honey Don't - Remastered 2009,46
51,Beatles For Sale (Remastered),Every Little Thing - Remastered 2009,48
52,Beatles For Sale (Remastered),I Don't Want To Spoil The Party - Remastered 2009,47
53,Beatles For Sale (Remastered),What You're Doing - Remastered 2009,47
54,Beatles For Sale (Remastered),Everybody's Trying To Be My Baby - Remastered 2009,46
55,Help! (Remastered),Help! - Remastered 2009,73
56,Help! (Remastered),The Night Before - Remastered 2009,60
57,Help! (Remastered),You've Got To Hide Your Love Away - Remastered 2009,65
58,Help! (Remastered),I Need You - Remastered 2009,55
59,Help! (Remastered),Another Girl - Remastered 2009,51
60,Help! (Remastered),You're Going To Lose That Girl - Remastered 2009,60
61,Help! (Remastered),Ticket To Ride - Remastered 2009,66
62,Help! (Remastered),Act Naturally - Remastered 2009,51
63,Help! (Remastered),It's Only Love - Remastered 2009,53
64,Help! (Remastered),You Like Me Too Much - Remastered 2009,50
65,Help! (Remastered),Tell Me What You See - Remastered 2009,49
66,Help! (Remastered),I've Just Seen A Face - Remastered 2009,63
67,Help! (Remastered),Yesterday - Remastered 2009,78
68,Help! (Remastered),Dizzy Miss Lizzy - Remastered 2009,49
69,Rubber Soul (Remastered),Drive My Car - Remastered 2009,67
70,Rubber Soul (Remastered),Norwegian Wood (This Bird Has Flown) - Remastered 2009,69
71,Rubber Soul (Remastered),You Won't See Me - Remastered 2009,61
72,Rubber Soul (Remastered),Nowhere Man - Remastered 2009,65
73,Rubber Soul (Remastered),Think For Yourself - Remastered 2009,56
74,Rubber Soul (Remastered),The Word - Remastered 2009,55
75,Rubber Soul (Remastered),Michelle - Remastered 2009,68
76,Rubber Soul (Remastered),What Goes On - Remastered 2009,54
77,Rubber Soul (Remastered),Girl - Remastered 2009,64
78,Rubber Soul (Remastered),I'm Looking Through You - Remastered 2009,62
79,Rubber Soul (Remastered),In My Life - Remastered 2009,74
80,Rubber Soul (Remastered),Wait - Remastered 2009,55
81,Rubber Soul (Remastered),If I Needed Someone - Remastered 2009,55
82,Rubber Soul (Remastered),Run For Your Life - Remastered 2009,60
83,Revolver (Remastered),Taxman - Remastered 2009,63
84,Revolver (Remastered),Eleanor Rigby - Remastered 2009,72
85,Revolver (Remastered),I'm Only Sleeping - Remastered 2009,63
86,Revolver (Remastered),Love You To - Remastered 2009,56
87,Revolver (Remastered),"Here, There And Everywhere - Remastered 2009",63
88,Revolver (Remastered),Yellow Submarine - Remastered 2009,65
89,Revolver (Remastered),She Said She Said - Remastered 2009,58
90,Revolver (Remastered),Good Day Sunshine - Remastered 2009,61
91,Revolver (Remastered),And Your Bird Can Sing - Remastered 2009,61
92,Revolver (Remastered),For No One - Remastered 2009,64
93,Revolver (Remastered),Doctor Robert - Remastered 2009,54
94,Revolver (Remastered),I Want To Tell You - Remastered 2009,55
95,Revolver (Remastered),Got To Get You Into My Life - Remastered 2009,63
96,Revolver (Remastered),Tomorrow Never Knows - Remastered 2009,59
97,Sgt. Pepper's Lonely Hearts Club Band (Super Deluxe Edition),Sgt. Pepper's Lonely Hearts Club Band - Remix,51
98,Sgt. Pepper's Lonely Hearts Club Band (Super Deluxe Edition),With A Little Help From My Friends - Remix,50
99,Sgt. Pepper's Lonely Hearts Club Band (Super Deluxe Edition),Lucy In The Sky With Diamonds - Remix,50
100,Sgt. Pepper's Lonely Hearts Club Band (Super Deluxe Edition),Getting Better - Remix,45
101,Sgt. Pepper's Lonely Hearts Club Band (Super Deluxe Edition),Fixing A Hole - Remix,42
102,Sgt. Pepper's Lonely Hearts Club Band (Super Deluxe Edition),She's Leaving Home - Remix,44
103,Sgt. Pepper's Lonely Hearts Club Band (Super Deluxe Edition),Being For The Benefit Of Mr. Kite! - Remix,41
104,Sgt. Pepper's Lonely Hearts Club Band (Super Deluxe Edition),Within You Without You - Remix,44
105,Sgt. Pepper's Lonely Hearts Club Band (Super Deluxe Edition),When I'm Sixty-Four - Remix,44
106,Sgt. Pepper's Lonely Hearts Club Band (Super Deluxe Edition),Lovely Rita - Remix,41
107,Sgt. Pepper's Lonely Hearts Club Band (Super Deluxe Edition),Good Morning Good Morning - Remix,38
108,Sgt. Pepper's Lonely Hearts Club Band (Super Deluxe Edition),Sgt. Pepper's Lonely Hearts Club Band (Reprise) - Remix,42
109,Sgt. Pepper's Lonely Hearts Club Band (Super Deluxe Edition),A Day In The Life - Remix,50
110,Sgt. Pepper's Lonely Hearts Club Band (Super Deluxe Edition),Strawberry Fields Forever - Take 1,38
111,Sgt. Pepper's Lonely Hearts Club Band (Super Deluxe Edition),Strawberry Fields Forever - Take 4,35
112,Sgt. Pepper's Lonely Hearts Club Band (Super Deluxe Edition),Strawberry Fields Forever - Take 7,36
113,Sgt. Pepper's Lonely Hearts Club Band (Super Deluxe Edition),Strawberry Fields Forever - Take 26,35
114,Sgt. Pepper's Lonely Hearts Club Band (Super Deluxe Edition),Strawberry Fields Forever - Stereo Mix 2015,44
115,Sgt. Pepper's Lonely Hearts Club Band (Super Deluxe Edition),When I'm Sixty-Four - Take 2,33
116,Sgt. Pepper's Lonely Hearts Club Band (Super Deluxe Edition),Penny Lane - Take 6 / Instrumental,32
117,Sgt. Pepper's Lonely Hearts Club Band (Super Deluxe Edition),Penny Lane - Vocal Overdubs And Speech,29
118,Sgt. Pepper's Lonely Hearts Club Band (Super Deluxe Edition),Penny Lane - Stereo Mix 2017,45
119,Sgt. Pepper's Lonely Hearts Club Band (Super Deluxe Edition),A Day In The Life - Take 1,31
120,Sgt. Pepper's Lonely Hearts Club Band (Super Deluxe Edition),A Day In The Life - Take 2,29
121,Sgt. Pepper's Lonely Hearts Club Band (Super Deluxe Edition),A Day In The Life - Orchestra Overdub,28
122,Sgt. Pepper's Lonely Hearts Club Band (Super Deluxe Edition),"A Day In The Life - Hummed Last Chord / Takes 8, 9, 10 And 11",28
123,Sgt. Pepper's Lonely Hearts Club Band (Super Deluxe Edition),A Day In The Life - The Last Chord,28
124,Sgt. Pepper's Lonely Hearts Club Band (Super Deluxe Edition),Sgt. Pepper's Lonely Hearts Club Band - Take 1 / Instrumental,28
125,Sgt. Pepper's Lonely Hearts Club Band (Super Deluxe Edition),Sgt. Pepper's Lonely Hearts Club Band - Take 9 And Speech,32
126,Sgt. Pepper's Lonely Hearts Club Band (Super Deluxe Edition),Good Morning Good Morning - Take 1 / Instrumental Breakdown,26
127,Sgt. Pepper's Lonely Hearts Club Band (Super Deluxe Edition),Good Morning Good Morning - Take 8,29
128,Sgt. Pepper's Lonely Hearts Club Band (Super Deluxe Edition),Fixing A Hole - Take 1,27
129,Sgt. Pepper's Lonely Hearts Club Band (Super Deluxe Edition),Fixing A Hole - Speech And Take 3,29
130,Sgt. Pepper's Lonely Hearts Club Band (Super Deluxe Edition),Being For The Benefit Of Mr. Kite! - Speech From Before Take 1 / Take 4 And Speech At End,29
131,Sgt. Pepper's Lonely Hearts Club Band (Super Deluxe Edition),Being For The Benefit Of Mr. Kite! - Take 7,26
132,Sgt. Pepper's Lonely Hearts Club Band (Super Deluxe Edition),Lovely Rita - Speech And Take 9,29
133,Sgt. Pepper's Lonely Hearts Club Band (Super Deluxe Edition),Lucy In The Sky With Diamonds - Take 1 And Speech At The End,27
134,Sgt. Pepper's Lonely Hearts Club Band (Super Deluxe Edition),"Lucy In The Sky With Diamonds - Speech, False Start And Take 5",26
135,Sgt. Pepper's Lonely Hearts Club Band (Super Deluxe Edition),Getting Better - Take 1 / Instrumental And Speech At The End,28
136,Sgt. Pepper's Lonely Hearts Club Band (Super Deluxe Edition),Getting Better - Take 12,26
137,Sgt. Pepper's Lonely Hearts Club Band (Super Deluxe Edition),Within You Without You - Take 1 / Indian Instruments,28
138,Sgt. Pepper's Lonely Hearts Club Band (Super Deluxe Edition),Within You Without You - George Coaching The Musicians,25
139,Sgt. Pepper's Lonely Hearts Club Band (Super Deluxe Edition),She's Leaving Home - Take 1 / Instrumental,29
140,Sgt. Pepper's Lonely Hearts Club Band (Super Deluxe Edition),She's Leaving Home - Take 6 / Instrumental,26
141,Sgt. Pepper's Lonely Hearts Club Band (Super Deluxe Edition),With A Little Help From My Friends - Take 1 / False Start And Take 2 / Instrumental,29
142,Sgt. Pepper's Lonely Hearts Club Band (Super Deluxe Edition),Sgt. Pepper's Lonely Hearts Club Band (Reprise) - Speech And Take 8,28
143,Sgt. Pepper's Lonely Hearts Club Band (Super Deluxe Edition),Sgt Pepper's Lonely Hearts Club Band,29
144,Sgt. Pepper's Lonely Hearts Club Band (Super Deluxe Edition),With A Little Help From My Friends,29
145,Sgt. Pepper's Lonely Hearts Club Band (Super Deluxe Edition),Lucy In The Sky With Diamonds,30
146,Sgt. Pepper's Lonely Hearts Club Band (Super Deluxe Edition),Getting Better,43
147,Sgt. Pepper's Lonely Hearts Club Band (Remastered),Sgt. Pepper's Lonely Hearts Club Band - Remastered 2009,66
148,Sgt. Pepper's Lonely Hearts Club Band (Remastered),With A Little Help From My Friends - Remastered 2009,67
149,Sgt. Pepper's Lonely Hearts Club Band (Remastered),Lucy In The Sky With Diamonds - Remastered 2009,70
150,Sgt. Pepper's Lonely Hearts Club Band (Remastered),Getting Better - Remastered 2009,61
151,Sgt. Pepper's Lonely Hearts Club Band (Remastered),Fixing A Hole - Remastered 2009,60
152,Sgt. Pepper's Lonely Hearts Club Band (Remastered),She's Leaving Home - Remastered 2009,63
153,Sgt. Pepper's Lonely Hearts Club Band (Remastered),Being For The Benefit Of Mr. Kite! - Remastered 2009,54
154,Sgt. Pepper's Lonely Hearts Club Band (Remastered),Within You Without You - Remastered 2009,60
155,Sgt. Pepper's Lonely Hearts Club Band (Remastered),When I'm Sixty Four - Remastered 2009,65
156,Sgt. Pepper's Lonely Hearts Club Band (Remastered),Lovely Rita - Remastered 2009,55
157,Sgt. Pepper's Lonely Hearts Club Band (Remastered),Good Morning Good Morning - Remastered 2009,52
158,Sgt. Pepper's Lonely Hearts Club Band (Remastered),Sgt. Pepper's Lonely Hearts Club Band - Reprise / Remastered 2009,53
159,Sgt. Pepper's Lonely Hearts Club Band (Remastered),A Day In The Life - Remastered 2009,67
160,Sgt. Pepper's Lonely Hearts Club Band (Deluxe Edition),Sgt. Pepper's Lonely Hearts Club Band - Remix,17
161,Sgt. Pepper's Lonely Hearts Club Band (Deluxe Edition),With A Little Help From My Friends - Remix,16
162,Sgt. Pepper's Lonely Hearts Club Band (Deluxe Edition),Lucy In The Sky With Diamonds - Remix,16
163,Sgt. Pepper's Lonely Hearts Club Band (Deluxe Edition),Getting Better - Remix,14
164,Sgt. Pepper's Lonely Hearts Club Band (Deluxe Edition),Fixing A Hole - Remix,13
165,Sgt. Pepper's Lonely Hearts Club Band (Deluxe Edition),She's Leaving Home - Remix,13
166,Sgt. Pepper's Lonely Hearts Club Band (Deluxe Edition),Being For The Benefit Of Mr. Kite! - Remix,13
167,Sgt. Pepper's Lonely Hearts Club Band (Deluxe Edition),Within You Without You - Remix,12
168,Sgt. Pepper's Lonely Hearts Club Band (Deluxe Edition),When I'm Sixty-Four - Remix,12
169,Sgt. Pepper's Lonely Hearts Club Band (Deluxe Edition),Lovely Rita - Remix,12
170,Sgt. Pepper's Lonely Hearts Club Band (Deluxe Edition),Good Morning Good Morning - Remix,11
171,Sgt. Pepper's Lonely Hearts Club Band (Deluxe Edition),Sgt. Pepper's Lonely Hearts Club Band (Reprise) - Remix,12
172,Sgt. Pepper's Lonely Hearts Club Band (Deluxe Edition),A Day In The Life - Remix,15
173,Sgt. Pepper's Lonely Hearts Club Band (Deluxe Edition),Sgt. Pepper's Lonely Hearts Club Band - Take 9 And Speech,9
174,Sgt. Pepper's Lonely Hearts Club Band (Deluxe Edition),With A Little Help From My Friends - Take 1 / False Start And Take 2 / Instrumental,7
175,Sgt. Pepper's Lonely Hearts Club Band (Deluxe Edition),Lucy In The Sky With Diamonds - Take 1,7
176,Sgt. Pepper's Lonely Hearts Club Band (Deluxe Edition),Getting Better - Take 1 / Instrumental And Speech At The End,6
177,Sgt. Pepper's Lonely Hearts Club Band (Deluxe Edition),Fixing A Hole - Speech And Take 3,5
178,Sgt. Pepper's Lonely Hearts Club Band (Deluxe Edition),She's Leaving Home - Take 1 / Instrumental,5
179,Sgt. Pepper's Lonely Hearts Club Band (Deluxe Edition),Being For The Benefit Of Mr. Kite! - Take 4,5
180,Sgt. Pepper's Lonely Hearts Club Band (Deluxe Edition),Within You Without You - Take 1 / Indian Instruments,4
181,Sgt. Pepper's Lonely Hearts Club Band (Deluxe Edition),When I'm Sixty-Four - Take 2,4
182,Sgt. Pepper's Lonely Hearts Club Band (Deluxe Edition),Lovely Rita - Speech And Take 9,5
183,Sgt. Pepper's Lonely Hearts Club Band (Deluxe Edition),Good Morning Good Morning - Take 8,5
184,Sgt. Pepper's Lonely Hearts Club Band (Deluxe Edition),Sgt. Pepper's Lonely Hearts Club Band (Reprise) - Speech And Take 8,4
185,Sgt. Pepper's Lonely Hearts Club Band (Deluxe Edition),A Day In The Life - Take 1 With Hums,6
186,Sgt. Pepper's Lonely Hearts Club Band (Deluxe Edition),Strawberry Fields Forever - Take 7,6
187,Sgt. Pepper's Lonely Hearts Club Band (Deluxe Edition),Strawberry Fields Forever - Take 26,6
188,Sgt. Pepper's Lonely Hearts Club Band (Deluxe Edition),Strawberry Fields Forever - Stereo Mix 2015,7
189,Sgt. Pepper's Lonely Hearts Club Band (Deluxe Edition),Penny Lane - Take 6 / Instrumental,4
190,Sgt. Pepper's Lonely Hearts Club Band (Deluxe Edition),Penny Lane - Stereo Mix 2017,6
191,Sgt. Pepper's Lonely Hearts Club Band (Deluxe Edition),Sgt. Pepper's Lonely Hearts Club Band - Remix,47
192,Sgt. Pepper's Lonely Hearts Club Band (Deluxe Edition),With A Little Help From My Friends - Remix,47
193,Sgt. Pepper's Lonely Hearts Club Band (Deluxe Edition),Lucy In The Sky With Diamonds - Remix,46
194,Sgt. Pepper's Lonely Hearts Club Band (Deluxe Edition),Getting Better - Remix,44
195,Sgt. Pepper's Lonely Hearts Club Band (Deluxe Edition),Fixing A Hole - Remix,43
196,Sgt. Pepper's Lonely Hearts Club Band (Deluxe Edition),She's Leaving Home - Remix,43
197,Sgt. Pepper's Lonely Hearts Club Band (Deluxe Edition),Being For The Benefit Of Mr. Kite! - Remix,41
198,Sgt. Pepper's Lonely Hearts Club Band (Deluxe Edition),Within You Without You - Remix,41
199,Sgt. Pepper's Lonely Hearts Club Band (Deluxe Edition),When I'm Sixty-Four - Remix,42
200,Sgt. Pepper's Lonely Hearts Club Band (Deluxe Edition),Lovely Rita - Remix,41
201,Sgt. Pepper's Lonely Hearts Club Band (Deluxe Edition),Good Morning Good Morning - Remix,39
202,Sgt. Pepper's Lonely Hearts Club Band (Deluxe Edition),Sgt. Pepper's Lonely Hearts Club Band (Reprise) - Remix,39
203,Sgt. Pepper's Lonely Hearts Club Band (Deluxe Edition),A Day In The Life - Remix,44
204,Sgt. Pepper's Lonely Hearts Club Band (Deluxe Edition),Sgt. Pepper's Lonely Hearts Club Band - Take 9 And Speech,36
205,Sgt. Pepper's Lonely Hearts Club Band (Deluxe Edition),With A Little Help From My Friends - Take 1 / False Start And Take 2 / Instrumental,34
206,Sgt. Pepper's Lonely Hearts Club Band (Deluxe Edition),Lucy In The Sky With Diamonds - Take 1,35
207,Sgt. Pepper's Lonely Hearts Club Band (Deluxe Edition),Getting Better - Take 1 / Instrumental And Speech At The End,32
208,Sgt. Pepper's Lonely Hearts Club Band (Deluxe Edition),Fixing A Hole - Speech And Take 3,31
209,Sgt. Pepper's Lonely Hearts Club Band (Deluxe Edition),She's Leaving Home - Take 1 / Instrumental,31
210,Sgt. Pepper's Lonely Hearts Club Band (Deluxe Edition),Being For The Benefit Of Mr. Kite! - Take 4,30
211,Sgt. Pepper's Lonely Hearts Club Band (Deluxe Edition),Within You Without You - Take 1 / Indian Instruments,30
212,Sgt. Pepper's Lonely Hearts Club Band (Deluxe Edition),When I'm Sixty-Four - Take 2,31
213,Sgt. Pepper's Lonely Hearts Club Band (Deluxe Edition),Lovely Rita - Speech And Take 9,30
214,Sgt. Pepper's Lonely Hearts Club Band (Deluxe Edition),Good Morning Good Morning - Take 8,29
215,Sgt. Pepper's Lonely Hearts Club Band (Deluxe Edition),Sgt. Pepper's Lonely Hearts Club Band (Reprise) - Speech And Take 8,29
216,Sgt. Pepper's Lonely Hearts Club Band (Deluxe Edition),A Day In The Life - Take 1 With Hums,33
217,Sgt. Pepper's Lonely Hearts Club Band (Deluxe Edition),Strawberry Fields Forever - Take 7,33
218,Sgt. Pepper's Lonely Hearts Club Band (Deluxe Edition),Strawberry Fields Forever - Take 26,31
219,Sgt. Pepper's Lonely Hearts Club Band (Deluxe Edition),Strawberry Fields Forever - Stereo Mix 2015,35
220,Sgt. Pepper's Lonely Hearts Club Band (Deluxe Edition),Penny Lane - Take 6 / Instrumental,29
221,Sgt. Pepper's Lonely Hearts Club Band (Deluxe Edition),Penny Lane - Stereo Mix 2017,47
222,Magical Mystery Tour (Remastered),Magical Mystery Tour - Remastered 2009,56
223,Magical Mystery Tour (Remastered),The Fool On The Hill - Remastered 2009,59
224,Magical Mystery Tour (Remastered),Flying - Remastered 2009,53
225,Magical Mystery Tour (Remastered),Blue Jay Way - Remastered 2009,53
226,Magical Mystery Tour (Remastered),Your Mother Should Know - Remastered 2009,56
227,Magical Mystery Tour (Remastered),I Am The Walrus - Remastered 2009,66
228,Magical Mystery Tour (Remastered),"Hello, Goodbye - Remastered 2009",67
229,Magical Mystery Tour (Remastered),Strawberry Fields Forever - Remastered 2009,71
230,Magical Mystery Tour (Remastered),Penny Lane - Remastered 2009,67
231,Magical Mystery Tour (Remastered),"Baby, You're A Rich Man - Remastered 2009",59
232,Magical Mystery Tour (Remastered),All You Need Is Love - Remastered 2009,67
233,The Beatles (Remastered),Back In The U.S.S.R. - Remastered 2009,68
234,The Beatles (Remastered),Dear Prudence - Remastered 2009,64
235,The Beatles (Remastered),Glass Onion - Remastered 2009,58
236,The Beatles (Remastered),"Ob-La-Di, Ob-La-Da - Remastered 2009",72
237,The Beatles (Remastered),Wild Honey Pie - Remastered 2009,54
238,The Beatles (Remastered),The Continuing Story Of Bungalow Bill - Remastered 2009,55
239,The Beatles (Remastered),While My Guitar Gently Weeps - Remastered 2009,71
240,The Beatles (Remastered),Happiness Is A Warm Gun - Remastered 2009,61
241,The Beatles (Remastered),Martha My Dear - Remastered 2009,58
242,The Beatles (Remastered),I'm So Tired - Remastered 2009,59
243,The Beatles (Remastered),Blackbird - Remastered 2009,75
244,The Beatles (Remastered),Piggies - Remastered 2009,54
245,The Beatles (Remastered),Rocky Raccoon - Remastered 2009,60
246,The Beatles (Remastered),Don't Pass Me By - Remastered 2009,54
247,The Beatles (Remastered),Why Don't We Do It In The Road? - Remastered 2009,54
248,The Beatles (Remastered),I Will - Remastered 2009,65
249,The Beatles (Remastered),Julia - Remastered 2009,58
250,The Beatles (Remastered),Birthday - Remastered 2009,55
251,The Beatles (Remastered),Yer Blues - Remastered 2009,55
252,The Beatles (Remastered),Mother Nature's Son - Remastered 2009,55
253,The Beatles (Remastered),Everybody's Got Something To Hide Except Me And My Monkey - Remastered 2009,53
254,The Beatles (Remastered),Sexy Sadie - Remastered 2009,55
255,The Beatles (Remastered),Helter Skelter - Remastered 2009,64
256,The Beatles (Remastered),"Long, Long, Long - Remastered 2009",53
257,The Beatles (Remastered),Revolution 1 - Remastered 2009,54
258,The Beatles (Remastered),Honey Pie - Remastered 2009,53
259,The Beatles (Remastered),Savoy Truffle - Remastered 2009,51
260,The Beatles (Remastered),Cry Baby Cry - Remastered 2009,53
261,The Beatles (Remastered),Revolution 9 - Remastered 2009,49
262,The Beatles (Remastered),Good Night - Remastered 2009,51
263,Yellow Submarine (Remastered),Yellow Submarine - Remastered 2009,49
264,Yellow Submarine (Remastered),Only A Northern Song - Remastered 2009,44
265,Yellow Submarine (Remastered),All Together Now - Remastered 2009,46
266,Yellow Submarine (Remastered),Hey Bulldog - Remastered 2009,54
267,Yellow Submarine (Remastered),It's All Too Much - Remastered 2009,45
268,Yellow Submarine (Remastered),All You Need Is Love - Remastered 2009,45
269,Yellow Submarine (Remastered),Pepperland - Remastered 2009,41
270,Yellow Submarine (Remastered),Sea Of Time - Remastered 2009,38
271,Yellow Submarine (Remastered),Sea Of Holes - Remastered 2009,37
272,Yellow Submarine (Remastered),Sea Of Monsters - Remastered 2009,35
273,Yellow Submarine (Remastered),March Of The Meanies - Remastered 2009,34
274,Yellow Submarine (Remastered),Pepperland Laid Waste - Remastered 2009,34
275,Yellow Submarine (Remastered),Yellow Submarine In Pepperland - Remastered 2009,36
276,Abbey Road (Remastered),Come Together - Remastered 2009,79
277,Abbey Road (Remastered),Something - Remastered 2009,73
278,Abbey Road (Remastered),Maxwell's Silver Hammer - Remastered 2009,63
279,Abbey Road (Remastered),Oh! Darling - Remastered 2009,69
280,Abbey Road (Remastered),Octopus's Garden - Remastered 2009,65
281,Abbey Road (Remastered),I Want You (She's So Heavy) - Remastered 2009,64
282,Abbey Road (Remastered),Here Comes The Sun - Remastered 2009,82
283,Abbey Road (Remastered),Because - Remastered 2009,62
284,Abbey Road (Remastered),You Never Give Me Your Money - Remastered 2009,62
285,Abbey Road (Remastered),Sun King - Remastered 2009,60
286,Abbey Road (Remastered),Mean Mr Mustard - Remastered 2009,59
287,Abbey Road (Remastered),Polythene Pam - Remastered 2009,59
288,Abbey Road (Remastered),She Came In Through The Bathroom Window - Remastered 2009,62
289,Abbey Road (Remastered),Golden Slumbers - Remastered 2009,67
290,Abbey Road (Remastered),Carry That Weight - Remastered 2009,64
291,Abbey Road (Remastered),The End - Remastered 2009,61
292,Abbey Road (Remastered),Her Majesty - Remastered 2009,27
293,Let It Be (Remastered),Two Of Us - Remastered 2009,65
294,Let It Be (Remastered),Dig A Pony - Remastered 2009,62
295,Let It Be (Remastered),Across The Universe - Remastered 2009,69
296,Let It Be (Remastered),I Me Mine - Remastered 2009,63
297,Let It Be (Remastered),Dig It - Remastered 2009,59
298,Let It Be (Remastered),Let It Be - Remastered 2009,79
299,Let It Be (Remastered),Maggie Mae - Remastered 2009,59
300,Let It Be (Remastered),I've Got A Feeling - Remastered 2009,64
301,Let It Be (Remastered),One After 909 - Remastered 2009,60
302,Let It Be (Remastered),The Long And Winding Road - Remastered 2009,67
303,Let It Be (Remastered),For You Blue - Remastered 2009,59
304,Let It Be (Remastered),Get Back - Remastered 2009,70
